{
  "scope_roles": 12,
  "scope_tasks_addressable": 127,
  "scope_tasks_total": 183,
  "scope_compliance": 32,
  "scope_hc": 540,
  "reclass_count": 127,
  "gross_freed_hrs": 44650.89999999999,
  "redistributed_hrs": 15627.814999999999,
  "net_freed_hrs": 29023.084999999992,
  "dampening_ratio": 0.65,
  "sunset_skills": 155,
  "sunrise_skills": 48,
  "reducible_ftes": 176,
  "total_invest": 1814400.0,
  "salary_savings": 9543000.0,
  "net_annual": 7914576.46875,
  "payback_mo": 2.237933257412577,
  "roi_pct": 436.20902054398147,
  "redesign_roles": 11,
  "change_burden": 100,
  "risk_level": "high",
  "risk_counts": {
    "medium": 2,
    "high": 3
  }
}