{
  "hc_reduced": 157,
  "final_hc": 383,
  "net_savings": 17836633.333333332,
  "payback": 9,
  "total_savings": 20039833.333333332,
  "total_invest": 2203200.0
}